Date,Open,High,Low,Close,Volume,Dividends,Stock Splits,SMA20,SMA50,EMA20,signal,signal_change
2025-05-14 00:00:00+05:30,948.2327622761527,952.2287366384547,938.8101397074491,942.5594482421875,15445308,0.0,0.0,942.5594482421875,942.5594482421875,942.5594482421875,0,0.0
2025-05-15 00:00:00+05:30,943.9901042439285,959.4314088460198,935.85013208818,954.0047607421875,32241458,0.0,0.0,948.2821044921875,948.2821044921875,943.6494780040922,0,0.0
2025-05-16 00:00:00+05:30,954.0047801554118,958.9380967138302,951.340777169636,954.44873046875,15868010,0.0,0.0,950.337646484375,950.337646484375,944.6779782388215,0,0.0
2025-05-19 00:00:00+05:30,955.5834183781088,959.5300716290252,952.6234284399217,956.4220581054688,10202964,0.0,0.0,951.8587493896484,951.8587493896484,945.796462035645,0,0.0
2025-05-20 00:00:00+05:30,951.1927398071444,954.3993955236706,943.7434439560598,944.6807861328125,23879090,0.0,0.0,950.4231567382812,950.4231567382812,945.6902071877563,0,0.0
2025-05-21 00:00:00+05:30,950.6500948788123,960.4674068130723,947.739426083267,950.5514526367188,15132040,0.0,0.0,950.4445393880209,950.4445393880209,946.1531829448003,0,0.0
2025-05-22 00:00:00+05:30,944.828766015395,949.2687509312965,939.895449442171,947.1474609375,21306670,0.0,0.0,949.9735281808036,949.9735281808036,946.2478760869622,0,0.0
2025-05-23 00:00:00+05:30,947.246089616049,955.583406549638,944.4834444188342,953.9060668945312,9566072,0.0,0.0,950.4650955200195,950.4650955200195,946.9772275924449,0,0.0
2025-05-26 00:00:00+05:30,954.5966869630639,961.9473401627192,950.6007128758197,957.1619873046875,10802860,0.0,0.0,951.2091946072048,951.2091946072048,947.9472047078966,0,0.0
2025-05-27 00:00:00+05:30,952.9193700568147,961.0100208805311,945.3714322062008,950.3047485351562,26162148,0.0,0.0,951.11875,951.11875,948.1717326914452,0,0.0
2025-05-28 00:00:00+05:30,947.2953823933067,954.3500488693757,946.0620533045636,948.9234008789062,18157594,0.0,0.0,950.9191728071733,950.9191728071733,948.24332013787,0,0.0
2025-05-29 00:00:00+05:30,951.1433943336576,957.4580633637506,940.9314535555673,950.896728515625,28917794,0.0,0.0,950.9173024495443,950.9173024495443,948.4960256976563,0,0.0
2025-05-30 00:00:00+05:30,953.0674016093235,961.4047183192448,949.8607459686729,959.480712890625,28748078,0.0,0.0,951.5760263296274,951.5760263296274,949.542186382701,0,0.0
2025-06-02 00:00:00+05:30,952.1793523801688,955.09002099665,941.2767355690125,953.166015625,14668822,0.0,0.0,951.6895969935825,951.6895969935825,949.8873129772056,0,0.0
2025-06-03 00:00:00+05:30,956.0767204883472,962.9833634640112,947.1967509482078,949.466064453125,24377584,0.0,0.0,951.5413614908854,951.5413614908854,949.8471940701503,0,0.0
2025-06-04 00:00:00+05:30,947.690059651711,958.6913790708478,947.6407385330224,957.6553344726562,12961542,0.0,0.0,951.9234848022461,951.9234848022461,950.5908264894365,0,0.0
2025-06-05 00:00:00+05:30,961.0099978567567,966.3873245707182,957.1619871239031,961.79931640625,22255418,0.0,0.0,952.5044160730698,952.5044160730698,951.6583017196092,0,0.0
2025-06-06 00:00:00+05:30,959.0366899431259,984.8379583134906,958.3953347348495,976.1552734375,30127008,0.0,0.0,953.8183525933159,953.8183525933159,953.9913466451226,0,0.0
2025-06-09 00:00:00+05:30,984.1966559557253,984.1966559557253,974.7740333489505,976.2540283203125,13202588,0.0,0.0,954.999177631579,954.999177631579,956.1116020427597,0,0.0
2025-06-10 00:00:00+05:30,978.1780428487654,978.1780428487654,967.472709657825,969.5447387695312,15533126,0.0,0.0,955.7264556884766,955.7264556884766,957.3909483976904,0,0.0
2025-06-11 00:00:00+05:30,970.6793107759778,970.6793107759778,960.516691162301,962.1940307617188,11096394,0.0,0.0,956.7081848144531,956.034435453869,957.8483848133122,1,1.0
2025-06-12 00:00:00+05:30,961.9966994408974,967.4233474890254,954.7447484104943,958.74072265625,16349130,0.0,0.0,956.9449829101562,956.1574485085227,957.9333693697824,1,0.0
2025-06-13 00:00:00+05:30,947.19676434732,953.6100757725884,943.7434428106371,946.0127563476562,12117762,0.0,0.0,956.5231842041015,955.7163749363111,956.7980728914847,0,-1.0
2025-06-16 00:00:00+05:30,949.1700746468088,956.520728121515,947.2460692080249,954.7940673828125,16513746,0.0,0.0,956.4417846679687,955.6779454549154,956.6072152239921,0,0.0
2025-06-17 00:00:00+05:30,955.5834055099792,957.852719054467,946.7527569357399,951.9327392578125,16978736,0.0,0.0,956.8043823242188,955.5281372070312,956.1620270367368,0,0.0
2025-06-18 00:00:00+05:30,945.7167603313338,955.2380851367438,945.7167603313338,954.0540771484375,18433816,0.0,0.0,956.9795135498047,955.4714425893931,955.9612699045178,0,0.0
2025-06-19 00:00:00+05:30,954.0540746334422,960.4180648603083,949.9593979158449,954.7447509765625,16876220,0.0,0.0,957.3593780517579,955.4445280852141,955.8454109589983,0,0.0
2025-06-20 00:00:00+05:30,952.9193918485255,971.8140179089729,952.9193918485255,969.2486572265625,32900408,0.0,0.0,958.1265075683593,955.9375326974051,957.1219106035282,1,1.0
2025-06-23 00:00:00+05:30,961.2073974609375,965.8940481289003,957.9514206200562,961.2073974609375,11739518,0.0,0.0,958.3287780761718,956.1192521720097,957.5110045899482,1,0.0
2025-06-24 00:00:00+05:30,969.3966711141703,976.3033140635843,964.7593416610487,967.3740234375,22625322,0.0,0.0,959.182241821289,956.4944112141927,958.4503397182865,1,0.0
2025-06-25 00:00:00+05:30,969.8900392545883,977.7833457795492,968.854054817417,976.8953247070312,18405932,0.0,0.0,960.5808380126953,957.1525051978326,960.2070049553098,1,0.0
2025-06-26 00:00:00+05:30,977.4872979366618,1000.0325292056699,976.7966216145232,997.4179077148438,50084830,0.0,0.0,962.9068969726562,958.4107990264893,963.7509004562178,1,0.0
2025-06-27 00:00:00+05:30,1004.0015037809444,1007.393088107433,994.2258430942326,1004.9491577148438,28213384,11.0,0.0,965.1803192138672,959.8210523200758,967.6745440046584,1,0.0
2025-06-30 00:00:00+05:30,1003.2533964547342,1004.400566128524,995.2732550959096,998.2658081054688,13649020,0.0,0.0,967.4353088378906,960.9517804314108,970.587997728545,1,0.0
2025-07-01 00:00:00+05:30,1000.0114368496795,1005.4977838847651,999.5126780283082,1003.5526123046875,14389386,0.0,0.0,970.1396362304688,962.1689470563616,973.7274848310348,1,0.0
2025-07-02 00:00:00+05:30,1007.4429706558585,1007.4429706558585,986.4950998423908,990.5350341796875,18878250,0.0,0.0,971.7836212158203,962.9568939208984,975.3282038166208,1,0.0
2025-07-03 00:00:00+05:30,994.9739612315547,1001.507689459166,989.6871300276722,991.0836181640625,16860506,0.0,0.0,973.247836303711,963.7170756572002,976.8287194687581,1,0.0
2025-07-04 00:00:00+05:30,991.0836632772651,999.2633203019867,987.5424877454124,992.1809692382812,7863944,0.0,0.0,974.04912109375,964.4661254882812,978.2908384944269,1,0.0
2025-07-07 00:00:00+05:30,992.0312782906421,996.7196233059492,989.4377568185034,991.2332763671875,11349426,0.0,0.0,974.7980834960938,965.1524626903044,979.523451625166,1,0.0
2025-07-08 00:00:00+05:30,986.0462146584523,1000.0114620081927,986.0462146584523,998.2159423828125,15224316,0.0,0.0,976.2316436767578,965.9790496826172,981.30368884018,1,0.0
2025-07-09 00:00:00+05:30,1001.0089360727129,1004.4005203490875,996.5699704674603,1003.1036987304688,13861428,0.0,0.0,978.2771270751953,966.8845289276867,983.3798802583028,1,0.0
2025-07-10 00:00:00+05:30,1005.4977851253348,1005.9965439473215,997.5176439735463,1000.6099243164062,17030310,0.0,0.0,980.3705871582031,967.6875145321801,985.0208368352651,1,0.0
2025-07-11 00:00:00+05:30,996.5201541247731,999.9117385623401,987.9913902076418,989.3878784179688,12516922,0.0,0.0,982.5393432617187,968.1921741574309,985.4367455574273,1,0.0
2025-07-14 00:00:00+05:30,989.0387573242188,991.8816582943851,982.8541356715338,989.0387573242188,13088850,0.0,0.0,984.251577758789,968.6659601384944,985.7797942971218,1,0.0
2025-07-15 00:00:00+05:30,984.0511806165923,999.3131887778599,984.0511806165923,995.2732543945312,14498168,0.0,0.0,986.418603515625,969.257233344184,986.683933354018,1,0.0
2025-07-16 00:00:00+05:30,1006.4952830829005,1008.8394251469304,993.826797075495,995.6722412109375,17994612,0.0,0.0,988.49951171875,969.8314726456352,987.5399626737246,1,0.0
2025-07-17 00:00:00+05:30,999.5126501495852,999.9116815490105,988.8890631972324,990.98388671875,22529158,0.0,0.0,990.3114685058594,970.2815240088929,987.8679554399175,1,0.0
2025-07-18 00:00:00+05:30,990.9838927216935,996.0213445308241,974.0759568696542,976.2705078125,16129446,0.0,0.0,990.6625610351563,970.4062945048014,986.7634366182588,1,0.0
2025-07-21 00:00:00+05:30,986.6446826643673,998.5151670456409,985.7968170158388,997.7670288085938,22309078,0.0,0.0,992.4905426025391,970.9646768375319,987.8113977792431,1,0.0
2025-07-22 00:00:00+05:30,1004.051390877723,1006.4953213272488,999.0139388595042,1001.058837890625,14836814,0.0,0.0,994.1747833251953,971.5665600585937,989.0730587422318,1,0.0
2025-07-23 00:00:00+05:30,1003.0039954915454,1012.3806857402005,999.0139248978445,1009.6375122070312,13634916,0.0,0.0,995.8118927001954,972.9081213378906,991.0315781198317,1,0.0
2025-07-24 00:00:00+05:30,1016.3208076773761,1016.3208076773761,1001.7072110041944,1004.5999755859375,19107176,0.0,0.0,996.17099609375,973.9200256347656,992.323806449937,1,0.0
2025-07-25 00:00:00+05:30,1007.5,1007.5,999.5,1002.2999877929688,9306598,2.5,0.0,996.0385375976563,974.87705078125,993.2739189587973,1,0.0
2025-07-28 00:00:00+05:30,1001.5,1010.7000122070312,1000.25,1004.25,12059580,0.0,0.0,996.3377471923828,975.8336096191406,994.3192600103404,1,0.0
2025-07-29 00:00:00+05:30,999.9500122070312,1013.25,998.1500244140625,1010.7999877929688,19895696,0.0,0.0,996.7001159667968,977.1559936523438,995.8888531324956,1,0.0
2025-07-30 00:00:00+05:30,1014.0,1016.2999877929688,1008.5,1012.9000244140625,15154036,0.0,0.0,997.8183654785156,978.4029650878906,997.508964683121,1,0.0
2025-07-31 00:00:00+05:30,1007.2999877929688,1015.7000122070312,1004.0,1009.0999755859375,22183032,0.0,0.0,998.7191833496094,979.6420153808593,998.6128704833892,1,0.0
2025-08-01 00:00:00+05:30,1007.0,1014.1500244140625,1004.6500244140625,1006.0999755859375,11317258,0.0,0.0,999.4151336669922,980.6858935546875,999.3259281122034,1,0.0
2025-08-04 00:00:00+05:30,1005.0499877929688,1009.25,994.0499877929688,996.0,13933946,0.0,0.0,999.6534698486328,981.4626538085937,999.0091730538984,1,0.0
2025-08-05 00:00:00+05:30,993.25,997.2000122070312,982.75,988.7999877929688,23978058,0.0,0.0,999.1826721191406,982.23255859375,998.0368696957146,1,0.0
2025-08-06 00:00:00+05:30,985.5499877929688,994.0,985.0,992.6500244140625,14080204,0.0,0.0,998.6599884033203,983.1070910644531,997.5238368117477,1,0.0
2025-08-07 00:00:00+05:30,990.0499877929688,1000.7999877929688,988.4000244140625,997.7000122070312,13081186,0.0,0.0,998.5144927978515,984.0431567382813,997.5406154208224,1,0.0
2025-08-08 00:00:00+05:30,993.5499877929688,996.4000244140625,985.0,986.9500122070312,13895264,0.0,0.0,998.3925994873047,984.5925427246094,996.5319865433185,1,0.0
2025-08-11 00:00:00+05:30,987.9500122070312,998.7999877929688,986.5499877929688,997.7999877929688,9105854,0.0,0.0,998.8306610107422,985.4852221679688,996.6527485670947,1,0.0
2025-08-12 00:00:00+05:30,995.9500122070312,998.0,983.75,984.9500122070312,12937802,0.0,0.0,998.3144989013672,986.1949011230469,995.5382022470887,0,-1.0
2025-08-13 00:00:00+05:30,997.0,997.0,984.5499877929688,990.1500244140625,13577396,0.0,0.0,998.0383880615234,986.844794921875,995.0250424534672,1,1.0
2025-08-14 00:00:00+05:30,989.0,998.0,985.5999755859375,995.5499877929688,17511716,0.0,0.0,998.2666931152344,987.5198083496093,995.0750372477055,1,0.0
2025-08-18 00:00:00+05:30,1005.0,1013.2999877929688,997.7999877929688,1001.7999877929688,19284796,0.0,0.0,999.5431671142578,988.0327026367188,995.7155087282068,1,0.0
2025-08-19 00:00:00+05:30,999.1500244140625,1003.0499877929688,993.3499755859375,995.5499877929688,12352438,0.0,0.0,999.4323150634766,988.4186218261718,995.6997448296128,1,0.0
2025-08-20 00:00:00+05:30,993.5,996.0,989.5,994.0999755859375,9950228,0.0,0.0,999.0843719482422,988.9097265625,995.5473858540246,1,0.0
2025-08-21 00:00:00+05:30,998.75,998.75,991.5999755859375,995.5999755859375,12439850,0.0,0.0,998.3824951171875,989.5778454589844,995.5523943999211,1,0.0
2025-08-22 00:00:00+05:30,994.9500122070312,998.0,978.5499877929688,982.2999877929688,19833502,0.0,0.0,997.2674957275391,990.0490307617188,994.2902604373543,0,-1.0
2025-08-25 00:00:00+05:30,980.0999755859375,988.7000122070312,978.5,982.0499877929688,17518044,0.0,0.0,996.254995727539,990.769775390625,993.124520185508,0,0.0
2025-08-26 00:00:00+05:30,979.5,985.7000122070312,968.0,973.4000244140625,16917731,0.0,2.0,994.7124969482422,991.14189453125,991.2459967787037,0,0.0
2025-08-28 00:00:00+05:30,967.0,972.2000122070312,955.0,957.7999877929688,25438255,0.0,0.0,992.0624969482421,991.2592395019532,988.0606625895861,0,0.0
2025-08-29 00:00:00+05:30,954.0,963.2999877929688,950.0999755859375,951.5999755859375,14823813,0.0,0.0,988.9974945068359,991.2101574707032,984.5882162082862,-1,-1.0
2025-09-01 00:00:00+05:30,949.5999755859375,957.4500122070312,946.3499755859375,950.5999755859375,20178344,0.0,0.0,986.0724945068359,991.1272619628907,981.3512409109196,-1,0.0
2025-09-02 00:00:00+05:30,951.0,954.7999877929688,944.0,944.5,14196320,0.0,0.0,982.9924957275391,990.6322888183594,977.8415989194035,-1,0.0
2025-09-03 00:00:00+05:30,945.0,956.2999877929688,940.0,954.4500122070312,16083481,0.0,0.0,980.9149963378907,990.4971411132813,975.6138287563205,-1,0.0
2025-09-04 00:00:00+05:30,960.2000122070312,965.7000122070312,956.25,961.25,17597657,0.0,0.0,979.5374969482422,990.3746606445312,974.2458450652423,-1,0.0
2025-09-05 00:00:00+05:30,967.5,967.5,954.0499877929688,963.4000244140625,11602111,0.0,0.0,978.0749969482422,990.1047546386719,973.21290976513,-1,0.0
2025-09-08 00:00:00+05:30,969.0,973.1500244140625,960.4500122070312,966.0,11711307,0.0,0.0,976.4899963378906,989.476396484375,972.5259659779748,-1,0.0
2025-09-09 00:00:00+05:30,974.0,974.4000244140625,962.7000122070312,965.1500244140625,13985539,0.0,0.0,975.3999969482422,988.6804138183594,971.8234953528403,-1,0.0
2025-09-10 00:00:00+05:30,973.9000244140625,973.9000244140625,961.7000122070312,965.9000244140625,18091100,0.0,0.0,973.8049987792969,988.0330981445312,971.2593552634329,-1,0.0
2025-09-11 00:00:00+05:30,960.2999877929688,969.25,959.9000244140625,967.7999877929688,15113633,0.0,0.0,972.9474975585938,987.3180456542968,970.9298916948172,-1,0.0
2025-09-12 00:00:00+05:30,969.9000244140625,970.75,962.25,967.2999877929688,14363519,0.0,0.0,971.8049957275391,986.8533447265625,970.5841865613078,-1,0.0
2025-09-15 00:00:00+05:30,969.5999755859375,972.3499755859375,965.0,967.0499877929688,14486377,0.0,0.0,970.379995727539,986.3726721191406,970.2475962024183,-1,0.0
2025-09-16 00:00:00+05:30,961.2000122070312,969.3499755859375,961.2000122070312,966.8499755859375,18661794,0.0,0.0,968.6324951171875,985.8660522460938,969.924013286563,-1,0.0
2025-09-17 00:00:00+05:30,965.1500244140625,974.4000244140625,964.3499755859375,966.5,17361476,0.0,0.0,967.1799957275391,985.37138671875,969.5979167830808,-1,0.0
2025-09-18 00:00:00+05:30,973.2999877929688,979.6500244140625,969.25,976.9000244140625,17791598,0.0,0.0,966.3199981689453,984.945068359375,970.293355605079,-1,0.0
2025-09-19 00:00:00+05:30,974.9000244140625,976.7000122070312,962.0999755859375,966.9000244140625,31243267,0.0,0.0,964.8850006103515,984.2209948730468,969.9701812059345,-1,0.0
2025-09-22 00:00:00+05:30,964.0,971.2000122070312,961.9500122070312,964.2000122070312,10854415,0.0,0.0,963.9800018310547,983.4927966308594,969.4206413012771,-1,0.0
2025-09-23 00:00:00+05:30,967.0,968.2000122070312,955.5,957.2000122070312,21022298,0.0,0.0,962.7375030517578,982.8490393066406,968.2567718637298,-1,0.0
2025-09-24 00:00:00+05:30,952.2000122070312,956.4500122070312,943.0,951.0499877929688,15117220,0.0,0.0,961.6200012207031,982.0892639160156,966.6180305236574,-1,0.0
2025-09-25 00:00:00+05:30,952.5,958.0,947.4000244140625,949.8499755859375,31413279,0.0,0.0,961.2225006103515,981.1807983398437,965.0210729105412,-1,0.0
2025-09-26 00:00:00+05:30,945.0999755859375,951.4500122070312,941.2999877929688,945.0499877929688,14874656,0.0,0.0,960.8950012207031,980.1683532714844,963.1190648041057,-1,0.0
2025-09-29 00:00:00+05:30,946.0499877929688,956.7999877929688,939.0999755859375,950.2999877929688,32398179,0.0,0.0,960.8800018310546,979.3546752929688,961.8982003268546,-1,0.0
2025-09-30 00:00:00+05:30,958.0499877929688,960.0,946.2999877929688,951.0,28296687,0.0,0.0,961.2050018310547,978.8492651367187,960.8602764862018,-1,0.0
2025-10-01 00:00:00+05:30,952.7000122070312,969.5999755859375,946.0,965.25,25350832,0.0,0.0,961.7450012207031,978.1989245605469,961.2783453922779,-1,0.0
2025-10-03 00:00:00+05:30,952.0,966.75,952.0,965.1500244140625,26658296,0.0,0.0,961.9400024414062,977.4807482910156,961.6470767276859,-1,0.0
2025-10-06 00:00:00+05:30,971.9000244140625,977.4000244140625,962.0,973.4500122070312,18542683,0.0,0.0,962.4425018310546,976.7569982910156,962.7711658209569,-1,0.0
2025-10-07 00:00:00+05:30,974.0,989.8499755859375,971.0,982.5,25535736,0.0,0.0,963.2675018310547,976.3149987792968,964.6501024094372,0,1.0
2025-10-08 00:00:00+05:30,976.0,985.9000244140625,974.5499877929688,978.7000122070312,15939710,0.0,0.0,963.9450012207031,975.8429992675781,965.9881890568271,0,0.0
2025-10-09 00:00:00+05:30,974.5,979.0,970.1500244140625,977.0999755859375,15370950,0.0,0.0,964.5049987792969,975.2999987792969,967.0464544405519,0,0.0
2025-10-10 00:00:00+05:30,979.0,986.2000122070312,978.0999755859375,980.9000244140625,13757080,0.0,0.0,965.1600006103515,974.7019995117188,968.3658420570767,0,0.0
2025-10-13 00:00:00+05:30,974.2999877929688,981.0,972.0,977.0,18634254,0.0,0.0,965.6450012207031,973.9839990234375,969.1881428135456,0,0.0
2025-10-14 00:00:00+05:30,970.0,980.4500122070312,967.0,977.1500244140625,22934382,0.0,0.0,966.1500030517578,973.345,969.94641725169,0,0.0
2025-10-15 00:00:00+05:30,975.0,984.9000244140625,973.3499755859375,978.25,23310447,0.0,0.0,966.720004272461,972.7880004882812,970.737234656291,0,0.0
2025-10-16 00:00:00+05:30,982.6500244140625,996.5999755859375,981.5,994.3499755859375,22936566,0.0,0.0,968.1125030517578,972.755,972.9860671257811,0,0.0
2025-10-17 00:00:00+05:30,993.9500122070312,1009.0,986.0,1002.5499877929688,25210511,0.0,0.0,969.3950012207031,973.03,975.8016786178943,0,0.0
2025-10-20 00:00:00+05:30,997.0,1020.0,997.0,1002.9500122070312,22195202,0.0,0.0,971.1975006103515,973.2359997558593,978.3872341978121,0,0.0
2025-10-21 00:00:00+05:30,1006.0,1010.0,1004.0,1007.7000122070312,3471600,0.0,0.0,973.3725006103516,973.4359997558594,981.1789273415473,0,0.0
2025-10-23 00:00:00+05:30,1016.0,1020.5,1006.0,1008.7999877929688,43526526,0.0,0.0,975.9524993896484,973.8729992675782,983.8095045273969,1,1.0
2025-10-24 00:00:00+05:30,1011.0,1011.9500122070312,991.2999877929688,994.75,17707768,0.0,0.0,978.1375,973.8119995117188,984.8514564771687,1,0.0
2025-10-27 00:00:00+05:30,996.5,1009.0499877929688,996.2000122070312,1002.9500122070312,15700796,0.0,0.0,980.7925018310547,974.1719995117187,986.5751284514413,1,0.0
2025-10-28 00:00:00+05:30,997.6500244140625,1008.0,995.0,1003.5499877929688,33904289,0.0,0.0,983.7175018310547,974.4399987792968,988.191781722063,1,0.0
2025-10-29 00:00:00+05:30,1004.9000244140625,1012.5,1000.0,1007.8499755859375,17769445,0.0,0.0,986.5950012207031,974.6859985351563,990.0639906614796,1,0.0
2025-10-30 00:00:00+05:30,1000.0,1009.5,997.0999755859375,998.1500244140625,19962917,0.0,0.0,988.9525024414063,974.6129992675782,990.8340891141065,1,0.0
2025-10-31 00:00:00+05:30,994.0,1004.4500122070312,981.1500244140625,987.2999877929688,23221330,0.0,0.0,990.0550018310547,974.4479992675781,990.4975080359029,1,0.0
2025-11-03 00:00:00+05:30,985.0,994.5499877929688,983.2999877929688,992.6500244140625,16607180,0.0,0.0,991.4300018310547,974.4190002441406,990.7025095957276,1,0.0
2025-11-04 00:00:00+05:30,987.0,997.0,983.7000122070312,985.25,20024544,0.0,0.0,992.0200012207031,974.2120007324219,990.1832229675631,1,0.0
2025-11-05 00:00:00+05:30,985.25,985.25,985.25,985.25,0,0.0,0.0,992.1575012207031,974.2710009765625,989.7133922087476,1,0.0
2025-11-06 00:00:00+05:30,981.0,991.0499877929688,974.0,984.6500244140625,22279516,0.0,0.0,992.4550018310547,974.3230017089844,989.2311667044919,1,0.0
2025-11-07 00:00:00+05:30,980.0,984.9000244140625,974.75,982.2999877929688,15004568,0.0,0.0,992.7150024414062,974.5010009765625,988.571054427204,1,0.0
2025-11-10 00:00:00+05:30,982.2999877929688,990.9500122070312,980.2000122070312,984.5,15988262,0.0,0.0,992.8950012207031,975.0350012207032,988.1833349579465,1,0.0
2025-11-11 00:00:00+05:30,983.5,993.5,978.0,991.7000122070312,10200530,0.0,0.0,993.6300018310546,975.837001953125,988.5182566007165,1,0.0
2025-11-12 00:00:00+05:30,998.7999877929688,999.0,987.7000122070312,989.5,13137263,0.0,0.0,994.2475006103516,976.6150024414062,988.6117559720768,1,0.0
2025-11-13 00:00:00+05:30,984.0,990.0999755859375,982.5999755859375,986.6500244140625,14124839,0.0,0.0,994.6675018310547,977.4580029296875,988.4249243951231,1,0.0
2025-11-14 00:00:00+05:30,976.0499877929688,991.6500244140625,976.0499877929688,989.5999755859375,21386965,0.0,0.0,994.4300018310547,978.1610021972656,988.5368340323434,1,0.0
