Date,Open,High,Low,Close,Volume,Dividends,Stock Splits
2025-05-19 00:00:00+05:30,3571.3920131126943,3586.45151458307,3553.855611996377,3566.93359375,1519244,0.0,0.0
2025-05-20 00:00:00+05:30,3596.458221523366,3600.4212608859257,3523.1419933160023,3534.8330078125,1532347,0.0,0.0
2025-05-21 00:00:00+05:30,3532.7524049540325,3577.138495316908,3522.1513227673754,3555.837158203125,1563885,0.0,0.0
2025-05-22 00:00:00+05:30,3551.8741007307995,3558.8094197559362,3504.2184546756093,3518.58447265625,1597159,0.0,0.0
2025-05-23 00:00:00+05:30,3537.012608179345,3598.043510721428,3518.3862749189907,3566.63623046875,1119217,0.0,0.0
2025-05-26 00:00:00+05:30,3582.389449835285,3638.565483947053,3575.0576819457824,3614.9853515625,1678934,0.0,0.0
2025-05-27 00:00:00+05:30,3614.985529384525,3631.134963821579,3569.7078512003136,3606.365966796875,2013954,0.0,0.0
2025-05-28 00:00:00+05:30,3626.181027495699,3629.153307026433,3586.5506337525767,3612.607666015625,1293244,0.0,0.0
2025-05-29 00:00:00+05:30,3630.044803373408,3634.9986024674436,3584.569024444051,3621.5244140625,1972248,0.0,0.0
2025-05-30 00:00:00+05:30,3621.52450826291,3661.1549020460297,3620.7318520103017,3641.1416015625,2571304,0.0,0.0
2025-06-02 00:00:00+05:30,3641.1416782617343,3663.1364988977325,3572.2838676131,3645.60009765625,1954517,0.0,0.0
2025-06-03 00:00:00+05:30,3655.0,3669.199951171875,3615.300048828125,3644.800048828125,2472483,34.0,0.0
2025-06-04 00:00:00+05:30,3645.0,3661.699951171875,3615.300048828125,3626.5,1086783,0.0,0.0
2025-06-05 00:00:00+05:30,3629.89990234375,3677.39990234375,3612.0,3642.60009765625,1466416,0.0,0.0
2025-06-06 00:00:00+05:30,3645.0,3667.0,3623.0,3656.300048828125,1172711,0.0,0.0
2025-06-09 00:00:00+05:30,3664.0,3708.89990234375,3662.199951171875,3678.89990234375,898170,0.0,0.0
2025-06-10 00:00:00+05:30,3704.0,3704.0,3667.199951171875,3679.800048828125,1454535,0.0,0.0
2025-06-11 00:00:00+05:30,3689.89990234375,3692.0,3656.10009765625,3684.800048828125,1265737,0.0,0.0
2025-06-12 00:00:00+05:30,3684.800048828125,3708.0,3585.0,3603.89990234375,2335718,0.0,0.0
2025-06-13 00:00:00+05:30,3501.199951171875,3596.0,3485.89990234375,3587.39990234375,1981445,0.0,0.0
2025-06-16 00:00:00+05:30,3575.5,3653.699951171875,3561.800048828125,3628.699951171875,1322630,0.0,0.0
2025-06-17 00:00:00+05:30,3622.0,3627.60009765625,3602.0,3622.300048828125,930603,0.0,0.0
2025-06-18 00:00:00+05:30,3622.0,3639.10009765625,3587.199951171875,3601.5,743311,0.0,0.0
2025-06-19 00:00:00+05:30,3607.0,3643.0,3591.10009765625,3621.10009765625,1580819,0.0,0.0
2025-06-20 00:00:00+05:30,3614.0,3669.89990234375,3614.0,3662.0,2575277,0.0,0.0
2025-06-23 00:00:00+05:30,3645.0,3660.0,3574.60009765625,3583.699951171875,1867977,0.0,0.0
2025-06-24 00:00:00+05:30,3637.10009765625,3684.0,3597.0,3604.800048828125,2751637,0.0,0.0
2025-06-25 00:00:00+05:30,3640.0,3642.0,3608.89990234375,3619.800048828125,1405262,0.0,0.0
2025-06-26 00:00:00+05:30,3620.10009765625,3669.0,3620.10009765625,3659.60009765625,2578926,0.0,0.0
2025-06-27 00:00:00+05:30,3665.0,3731.39990234375,3665.0,3679.199951171875,2720600,0.0,0.0
2025-06-30 00:00:00+05:30,3682.0,3717.5,3652.699951171875,3669.800048828125,1508882,0.0,0.0
2025-07-01 00:00:00+05:30,3669.800048828125,3678.89990234375,3645.0,3666.699951171875,1054380,0.0,0.0
2025-07-02 00:00:00+05:30,3666.60009765625,3674.199951171875,3583.89990234375,3596.800048828125,1330176,0.0,0.0
2025-07-03 00:00:00+05:30,3605.0,3625.0,3576.0,3582.89990234375,1229034,0.0,0.0
2025-07-04 00:00:00+05:30,3590.0,3600.0,3570.10009765625,3594.60009765625,696402,0.0,0.0
2025-07-07 00:00:00+05:30,3599.89990234375,3609.800048828125,3575.10009765625,3581.39990234375,719539,0.0,0.0
2025-07-08 00:00:00+05:30,3580.0,3614.0,3560.0,3606.39990234375,1513912,0.0,0.0
2025-07-09 00:00:00+05:30,3605.0,3605.10009765625,3568.199951171875,3579.699951171875,1008876,0.0,0.0
2025-07-10 00:00:00+05:30,3575.0,3589.89990234375,3569.0,3574.699951171875,1063910,0.0,0.0
2025-07-11 00:00:00+05:30,3575.0,3586.60009765625,3535.5,3540.60009765625,1439747,0.0,0.0
2025-07-14 00:00:00+05:30,3540.60009765625,3548.699951171875,3488.0,3495.89990234375,1358844,0.0,0.0
2025-07-15 00:00:00+05:30,3519.0,3521.0,3481.699951171875,3494.0,1585193,0.0,0.0
2025-07-16 00:00:00+05:30,3504.0,3516.0,3477.0,3503.800048828125,1266964,0.0,0.0
2025-07-17 00:00:00+05:30,3515.0,3515.0,3467.5,3474.0,2217275,0.0,0.0
2025-07-18 00:00:00+05:30,3489.0,3499.0,3450.0,3464.800048828125,1818696,0.0,0.0
2025-07-21 00:00:00+05:30,3467.60009765625,3508.10009765625,3444.89990234375,3502.800048828125,1521623,0.0,0.0
2025-07-22 00:00:00+05:30,3502.0,3507.60009765625,3454.10009765625,3464.60009765625,2586522,0.0,0.0
2025-07-23 00:00:00+05:30,3476.199951171875,3490.0,3458.60009765625,3484.89990234375,1192261,0.0,0.0
2025-07-24 00:00:00+05:30,3484.89990234375,3493.39990234375,3461.0,3477.5,1083671,0.0,0.0
2025-07-25 00:00:00+05:30,3470.0,3477.0,3437.39990234375,3442.89990234375,1338744,0.0,0.0
2025-07-28 00:00:00+05:30,3430.10009765625,3446.10009765625,3405.10009765625,3422.199951171875,2256080,0.0,0.0
2025-07-29 00:00:00+05:30,3418.0,3504.300048828125,3406.5,3495.60009765625,1241060,0.0,0.0
2025-07-30 00:00:00+05:30,3622.0,3685.300048828125,3590.0,3665.10009765625,8760659,0.0,0.0
2025-07-31 00:00:00+05:30,3625.0,3662.89990234375,3621.0,3636.5,1927627,0.0,0.0
2025-08-01 00:00:00+05:30,3636.0,3636.0,3578.10009765625,3587.300048828125,1205945,0.0,0.0
2025-08-04 00:00:00+05:30,3595.199951171875,3636.800048828125,3577.0,3631.10009765625,1033049,0.0,0.0
2025-08-05 00:00:00+05:30,3630.0,3657.699951171875,3608.300048828125,3652.60009765625,1158433,0.0,0.0
2025-08-06 00:00:00+05:30,3650.0,3671.0,3622.199951171875,3628.39990234375,931383,0.0,0.0
2025-08-07 00:00:00+05:30,3610.300048828125,3649.0,3599.199951171875,3641.60009765625,1211790,0.0,0.0
2025-08-08 00:00:00+05:30,3641.60009765625,3662.300048828125,3600.0,3607.60009765625,1337067,0.0,0.0
2025-08-11 00:00:00+05:30,3610.0,3676.89990234375,3600.0,3668.39990234375,1822410,0.0,0.0
2025-08-12 00:00:00+05:30,3680.0,3727.89990234375,3673.10009765625,3686.10009765625,2280103,0.0,0.0
2025-08-13 00:00:00+05:30,3696.0,3716.0,3681.300048828125,3693.699951171875,1227196,0.0,0.0
2025-08-14 00:00:00+05:30,3700.0,3708.5,3641.699951171875,3677.0,1769702,0.0,0.0
2025-08-18 00:00:00+05:30,3699.0,3701.5,3621.699951171875,3635.10009765625,1950151,0.0,0.0
2025-08-19 00:00:00+05:30,3648.89990234375,3654.0,3608.199951171875,3613.0,1352944,0.0,0.0
2025-08-20 00:00:00+05:30,3613.5,3619.89990234375,3580.0,3592.300048828125,1325096,0.0,0.0
2025-08-21 00:00:00+05:30,3599.0,3648.0,3588.0,3612.60009765625,1624009,0.0,0.0
2025-08-22 00:00:00+05:30,3610.0,3634.5,3582.0,3595.800048828125,1060447,0.0,0.0
2025-08-25 00:00:00+05:30,3616.0,3617.89990234375,3584.300048828125,3603.10009765625,980393,0.0,0.0
2025-08-26 00:00:00+05:30,3599.0,3600.0,3531.0,3541.300048828125,1787363,0.0,0.0
2025-08-28 00:00:00+05:30,3540.0,3576.89990234375,3537.199951171875,3560.10009765625,1695226,0.0,0.0
2025-08-29 00:00:00+05:30,3575.60009765625,3615.0,3540.199951171875,3601.0,1678055,0.0,0.0
2025-09-01 00:00:00+05:30,3601.0,3628.60009765625,3581.89990234375,3598.39990234375,1094155,0.0,0.0
2025-09-02 00:00:00+05:30,3598.39990234375,3619.89990234375,3560.0,3574.89990234375,1230950,0.0,0.0
2025-09-03 00:00:00+05:30,3594.0,3606.300048828125,3560.0,3600.800048828125,1314831,0.0,0.0
2025-09-04 00:00:00+05:30,3622.89990234375,3624.89990234375,3572.5,3592.60009765625,1434998,0.0,0.0
2025-09-05 00:00:00+05:30,3592.800048828125,3609.10009765625,3549.10009765625,3553.60009765625,830812,0.0,0.0
2025-09-08 00:00:00+05:30,3570.0,3579.89990234375,3525.0,3529.60009765625,1039999,0.0,0.0
2025-09-09 00:00:00+05:30,3547.199951171875,3550.0,3516.39990234375,3525.0,1522116,0.0,0.0
2025-09-10 00:00:00+05:30,3559.0,3577.39990234375,3541.10009765625,3550.0,1136732,0.0,0.0
2025-09-11 00:00:00+05:30,3548.0,3564.699951171875,3533.0,3539.699951171875,1177793,0.0,0.0
2025-09-12 00:00:00+05:30,3556.39990234375,3595.39990234375,3548.10009765625,3579.800048828125,1146873,0.0,0.0
2025-09-15 00:00:00+05:30,3581.0,3607.0,3575.5,3586.199951171875,1177076,0.0,0.0
2025-09-16 00:00:00+05:30,3603.89990234375,3674.0,3593.10009765625,3667.800048828125,2928060,0.0,0.0
2025-09-17 00:00:00+05:30,3672.0,3704.0,3662.699951171875,3685.5,1610471,0.0,0.0
2025-09-18 00:00:00+05:30,3691.0,3700.0,3672.5,3686.0,1270148,0.0,0.0
2025-09-19 00:00:00+05:30,3679.0,3705.0,3671.0,3675.39990234375,2227521,0.0,0.0
2025-09-22 00:00:00+05:30,3693.60009765625,3693.60009765625,3633.89990234375,3644.5,839430,0.0,0.0
2025-09-23 00:00:00+05:30,3646.89990234375,3673.5,3613.199951171875,3657.60009765625,1262120,0.0,0.0
2025-09-24 00:00:00+05:30,3657.60009765625,3709.199951171875,3637.10009765625,3673.800048828125,1745130,0.0,0.0
2025-09-25 00:00:00+05:30,3684.0,3704.0,3635.699951171875,3644.39990234375,1999071,0.0,0.0
2025-09-26 00:00:00+05:30,3664.0,3794.89990234375,3661.0,3729.5,5870301,0.0,0.0
2025-09-29 00:00:00+05:30,3738.0,3740.0,3679.60009765625,3688.39990234375,2599630,0.0,0.0
2025-09-30 00:00:00+05:30,3695.0,3696.60009765625,3648.0,3659.0,1676302,0.0,0.0
2025-10-01 00:00:00+05:30,3658.89990234375,3688.0,3615.0,3670.300048828125,2005028,0.0,0.0
2025-10-03 00:00:00+05:30,3690.0,3746.0,3666.300048828125,3733.10009765625,1959124,0.0,0.0
2025-10-06 00:00:00+05:30,3720.0,3767.0,3703.0,3737.0,1581506,0.0,0.0
2025-10-07 00:00:00+05:30,3748.0,3766.0,3725.0,3729.699951171875,1673945,0.0,0.0
2025-10-08 00:00:00+05:30,3730.0,3760.0,3715.0,3729.800048828125,1424633,0.0,0.0
2025-10-09 00:00:00+05:30,3735.5,3796.39990234375,3730.10009765625,3769.199951171875,1827249,0.0,0.0
2025-10-10 00:00:00+05:30,3765.0,3799.0,3760.0,3784.0,1129678,0.0,0.0
2025-10-13 00:00:00+05:30,3780.0,3784.0,3745.0,3769.5,1191248,0.0,0.0
2025-10-14 00:00:00+05:30,3775.0,3786.800048828125,3730.199951171875,3744.300048828125,1364583,0.0,0.0
2025-10-15 00:00:00+05:30,3747.0,3843.89990234375,3744.300048828125,3828.699951171875,2575918,0.0,0.0
2025-10-16 00:00:00+05:30,3830.300048828125,3885.89990234375,3830.0,3861.800048828125,2330283,0.0,0.0
2025-10-17 00:00:00+05:30,3860.0,3869.5,3830.10009765625,3839.39990234375,1337364,0.0,0.0
2025-10-20 00:00:00+05:30,3862.0,3887.60009765625,3845.39990234375,3872.699951171875,1223232,0.0,0.0
2025-10-21 00:00:00+05:30,3892.0,3895.0,3877.199951171875,3888.199951171875,260327,0.0,0.0
2025-10-23 00:00:00+05:30,3890.0,3966.199951171875,3890.0,3918.699951171875,2815778,0.0,0.0
2025-10-24 00:00:00+05:30,3929.300048828125,3939.89990234375,3897.5,3904.89990234375,1146636,0.0,0.0
2025-10-27 00:00:00+05:30,3912.0,3948.0,3907.0,3923.800048828125,1057688,0.0,0.0
2025-10-28 00:00:00+05:30,3922.10009765625,3986.0,3917.300048828125,3972.800048828125,3391806,0.0,0.0
2025-10-29 00:00:00+05:30,3988.0,4016.699951171875,3920.0,3958.10009765625,2563641,0.0,0.0
2025-10-30 00:00:00+05:30,3980.0,4062.60009765625,3975.60009765625,3987.5,4959400,0.0,0.0
2025-10-31 00:00:00+05:30,4001.10009765625,4045.89990234375,3980.199951171875,4030.89990234375,2328183,0.0,0.0
2025-11-03 00:00:00+05:30,4030.0,4041.0,3974.89990234375,3980.5,1154072,0.0,0.0
2025-11-04 00:00:00+05:30,3985.0,3990.0,3916.800048828125,3924.39990234375,2042881,0.0,0.0
2025-11-05 00:00:00+05:30,3924.39990234375,3924.39990234375,3924.39990234375,3924.39990234375,0,0.0,0.0
2025-11-06 00:00:00+05:30,3945.0,3978.0,3872.10009765625,3881.60009765625,1749063,0.0,0.0
2025-11-07 00:00:00+05:30,3877.10009765625,3892.89990234375,3831.10009765625,3882.5,1577294,0.0,0.0
2025-11-10 00:00:00+05:30,3895.0,3943.800048828125,3894.0,3918.5,1397176,0.0,0.0
2025-11-11 00:00:00+05:30,3929.0,3966.800048828125,3897.0,3955.0,1775462,0.0,0.0
2025-11-12 00:00:00+05:30,3970.0,3973.800048828125,3936.89990234375,3954.60009765625,981350,0.0,0.0
2025-11-13 00:00:00+05:30,3954.60009765625,4022.89990234375,3925.60009765625,4002.5,1834962,0.0,0.0
2025-11-14 00:00:00+05:30,4002.0,4011.5,3971.60009765625,4004.39990234375,1916910,0.0,0.0
2025-11-17 00:00:00+05:30,4004.39990234375,4027.5,4000.10009765625,4011.0,584705,0.0,0.0
